parameter,initial_value,min_value,max_value,unit,source,source_type,confidence,status,notes
intake_open,0,-5,5,"deg TDC","Rotax 912/914 family maintenance documentation; provisional reference for 915 iS modelling","RESEARCH","LOW","INITIAL_CALIBRATION","Intake valve opening starting value. NOT OEM-verified for the Rotax 915 iS. Derived from the closely related Rotax 912/914 family reference and used only as an initial calibration value. Must be calibrated and validated against official 915 iS performance data."
intake_close,48,43,53,"deg ABDC","Rotax 912/914 family maintenance documentation; provisional reference for 915 iS modelling","RESEARCH","LOW","INITIAL_CALIBRATION","Intake valve closing starting value. NOT OEM-verified for the Rotax 915 iS. Derived from the closely related Rotax 912/914 family reference and used only as an initial calibration value. Must be calibrated and validated against official 915 iS performance data."
exhaust_open,48,43,53,"deg BBDC","Rotax 912/914 family maintenance documentation; provisional reference for 915 iS modelling","RESEARCH","LOW","INITIAL_CALIBRATION","Exhaust valve opening starting value. NOT OEM-verified for the Rotax 915 iS. Derived from the closely related Rotax 912/914 family reference and used only as an initial calibration value. Must be calibrated and validated against official 915 iS performance data."
exhaust_close,0,-5,5,"deg TDC","Rotax 912/914 family maintenance documentation; provisional reference for 915 iS modelling","RESEARCH","LOW","INITIAL_CALIBRATION","Exhaust valve closing starting value. NOT OEM-verified for the Rotax 915 iS. Derived from the closely related Rotax 912/914 family reference and used only as an initial calibration value. Must be calibrated and validated against official 915 iS performance data."
valve_effective_flow,1.00,0.70,1.30,"dimensionless multiplier","Engineering calibration parameter; valve-flow curve unavailable","DERIVED","LOW","INITIAL_CALIBRATION","This is NOT a measured Rotax value. It is an effective valve-flow scaling factor used to calibrate the gas-exchange model. Research GT-Power modelling indicates valve-flow characteristics are represented as model inputs. Final value must be calibrated against official Rotax performance data."
ignition_timing,20,10,30,"deg BTDC","Engineering calibration assumption; exact Rotax 915 iS ECU ignition map unavailable","ASSUMED","LOW","INITIAL_CALIBRATION","20 deg BTDC is only an initial modelling value and MUST NOT be represented as the actual Rotax ECU ignition map. Rotax documentation confirms ECU-controlled ignition, but the proprietary ignition map is not publicly available. Final effective ignition timing must be calibrated against performance data."
combustion_duration,21,15,30,"crank-angle degrees","2026 research GT-Power Rotax 915 model","RESEARCH","MEDIUM","INITIAL_CALIBRATION","Research-model starting value. This is NOT an OEM Rotax ECU/combustion calibration value. The research model uses approximately 21 deg crank-angle burn duration in its RPM-dependent combustion representation. Final value must be calibrated against official Rotax performance data."
combustion_efficiency,0.95,0.85,1.00,"dimensionless","Engineering calibration assumption","ASSUMED","LOW","INITIAL_CALIBRATION","Initial combustion-efficiency assumption only. This is NOT a published Rotax value. It will be adjusted during calibration against official power and fuel-flow data."
fuel_delivery_scale,1.00,0.80,1.20,"dimensionless multiplier","Derived calibration parameter constrained by official Rotax fuel-flow performance data","DERIVED","MEDIUM","INITIAL_CALIBRATION","This is NOT the proprietary Rotax ECU injector map. It is a fuel-delivery scaling factor for calibration. Rotax officially documents ECU-controlled electronic fuel injection, while the actual injector/ECU map is unavailable. Final value will be determined by comparison with the official Rotax fuel-flow map."
