time_s,mission_id,mission_type,phase,random_seed,model_version,altitude_ft,altitude_m,ambient_temperature_C,ambient_pressure_hPa,throttle_pct,rpm,power_kW,torque_Nm,fuelflow_kgh,p_plenum_bar,t_plenum_K,coolant_temp_C,EGT1_C,EGT2_C,EGT3_C,EGT4_C,EGT_mean_C,EGT_max_C,EGT_min_C,EGT_spread_C,oil_pressure_bar,oil_temperature_C,battery_voltage_V,battery_soc_pct,generator_A_current_A,generator_B_current_A,generator_voltage_V,generator_power_W,generator_switch_ready,generator_switch_latched,generator_switch_threshold_rpm,generator_switch_hold_time_s,generator_time_above_threshold_s,vibration_amplitude,vibration_frequency_Hz,vibration_1x,vibration_2x,vibration_3x,engine_state_valid,outside_calibrated_envelope,extrapolation_used,health_state_valid,mission_generated_values,stage3_values,stage3_validation_status,stage3_ambient_source,stage4_production_source,ambient_source
0.0,high_power_42,HIGH_POWER,TAKEOFF,42,stage5_mission_generator,575.3983033817951,175.38140287077115,13.860711359304046,992.357577779393,100.0,5800.0,104.40134423900189,171.88955173526608,33.919381135724535,1.5190132418845002,291.66834965393343,85.6901279669763,588.1276453586144,633.8898190015215,679.6519926444286,725.4141662873357,656.770905822975,725.4141662873357,588.1276453586144,137.2865209287213,4.25358252719767,80.13880526921999,14.5,91.0,44.0,42.0,14.5,420.0,True,False,2400.0,8.0,0.0,0.3608859703312385,96.66666666666667,0.3608859703312385,0.21653158219874308,0.1443543881324954,True,False,False,True,python_mission_generator,csv_authoritative,validated_csv,explicit_input,calibrated_csv,python_generated_isa_plus_offset
10.0,high_power_42,HIGH_POWER,TAKEOFF,42,stage5_mission_generator,575.3983033817951,175.38140287077115,13.860711359304046,992.357577779393,100.0,5800.0,104.40134423900189,171.88955173526608,33.919381135724535,1.5190132418845002,291.66834965393343,85.6901279669763,588.1276453586144,633.8898190015215,679.6519926444286,725.4141662873357,656.770905822975,725.4141662873357,588.1276453586144,137.2865209287213,4.25358252719767,80.13880526921999,14.5,91.0,44.0,42.0,14.5,420.0,True,True,2400.0,8.0,10.0,0.3608859703312385,96.66666666666667,0.3608859703312385,0.21653158219874308,0.1443543881324954,True,False,False,True,python_mission_generator,csv_authoritative,validated_csv,explicit_input,calibrated_csv,python_generated_isa_plus_offset
20.0,high_power_42,HIGH_POWER,TAKEOFF,42,stage5_mission_generator,575.3983033817951,175.38140287077115,13.860711359304046,992.357577779393,100.0,5800.0,104.40134423900189,171.88955173526608,33.919381135724535,1.5190132418845002,291.66834965393343,85.6901279669763,588.1276453586144,633.8898190015215,679.6519926444286,725.4141662873357,656.770905822975,725.4141662873357,588.1276453586144,137.2865209287213,4.25358252719767,80.13880526921999,14.5,91.0,44.0,42.0,14.5,420.0,True,True,2400.0,8.0,20.0,0.3608859703312385,96.66666666666667,0.3608859703312385,0.21653158219874308,0.1443543881324954,True,False,False,True,python_mission_generator,csv_authoritative,validated_csv,explicit_input,calibrated_csv,python_generated_isa_plus_offset
30.0,high_power_42,HIGH_POWER,TAKEOFF,42,stage5_mission_generator,575.3983033817951,175.38140287077115,13.860711359304046,992.357577779393,100.0,5800.0,104.40134423900189,171.88955173526608,33.919381135724535,1.5190132418845002,291.66834965393343,85.6901279669763,588.1276453586144,633.8898190015215,679.6519926444286,725.4141662873357,656.770905822975,725.4141662873357,588.1276453586144,137.2865209287213,4.25358252719767,80.13880526921999,14.5,91.0,44.0,42.0,14.5,420.0,True,True,2400.0,8.0,30.0,0.3608859703312385,96.66666666666667,0.3608859703312385,0.21653158219874308,0.1443543881324954,True,False,False,True,python_mission_generator,csv_authoritative,validated_csv,explicit_input,calibrated_csv,python_generated_isa_plus_offset
40.0,high_power_42,HIGH_POWER,TAKEOFF,42,stage5_mission_generator,575.3983033817951,175.38140287077115,13.860711359304046,992.357577779393,100.0,5800.0,104.40134423900189,171.88955173526608,33.919381135724535,1.5190132418845002,291.66834965393343,85.6901279669763,588.1276453586144,633.8898190015215,679.6519926444286,725.4141662873357,656.770905822975,725.4141662873357,588.1276453586144,137.2865209287213,4.25358252719767,80.13880526921999,14.5,91.0,44.0,42.0,14.5,420.0,True,True,2400.0,8.0,40.0,0.3608859703312385,96.66666666666667,0.3608859703312385,0.21653158219874308,0.1443543881324954,True,False,False,True,python_mission_generator,csv_authoritative,validated_csv,explicit_input,calibrated_csv,python_generated_isa_plus_offset
50.0,high_power_42,HIGH_POWER,TAKEOFF,42,stage5_mission_generator,575.3983033817951,175.38140287077115,13.860711359304046,992.357577779393,100.0,5800.0,104.40134423900189,171.88955173526608,33.919381135724535,1.5190132418845002,291.66834965393343,85.6901279669763,588.1276453586144,633.8898190015215,679.6519926444286,725.4141662873357,656.770905822975,725.4141662873357,588.1276453586144,137.2865209287213,4.25358252719767,80.13880526921999,14.5,91.0,44.0,42.0,14.5,420.0,True,True,2400.0,8.0,50.0,0.3608859703312385,96.66666666666667,0.3608859703312385,0.21653158219874308,0.1443543881324954,True,False,False,True,python_mission_generator,csv_authoritative,validated_csv,explicit_input,calibrated_csv,python_generated_isa_plus_offset
60.0,high_power_42,HIGH_POWER,TAKEOFF,42,stage5_mission_generator,576.2051636654475,175.62733388522838,13.859113775942413,992.3285280287788,100.0,5799.415336436285,104.39118759856038,171.8901567593575,33.915849707398884,1.5188580298649974,291.66702778252767,85.68730467475406,588.0931555144809,633.8530967622202,679.6130380099593,725.3729792576985,656.7330673860897,725.3729792576985,588.0931555144809,137.27982374321755,4.253162869577537,80.13753222258582,14.5,91.0,43.99610224290856,41.99610224290856,14.499896824076991,420.0,True,True,2400.0,8.0,60.0,0.360857725872692,96.65692227393808,0.360857725872692,0.2165146355236152,0.1443430903490768,True,False,False,True,python_mission_generator,csv_authoritative,validated_csv,explicit_input,calibrated_csv,python_generated_isa_plus_offset
70.0,high_power_42,HIGH_POWER,TAKEOFF,42,stage5_mission_generator,582.0877831532006,177.42035630509554,13.847466189356663,992.1167542665542,100.0,5795.152698476061,104.31713803607504,171.89457153051578,33.89010293375172,1.5177264172808111,291.65739034386644,85.66672074692566,587.8416985604827,633.5853639651981,679.3290293699134,725.0726947746289,656.4571966675558,725.0726947746289,587.8416985604827,137.23099621414622,4.250103249288371,80.12825075330201,14.5,91.0,43.967684656507075,41.967684656507075,14.499144593848717,420.0,True,True,2400.0,8.0,70.0,0.3606518024859133,96.58587830793435,0.3606518024859133,0.21639108149154795,0.14426072099436532,True,False,False,True,python_mission_generator,csv_authoritative,validated_csv,explicit_input,calibrated_csv,python_generated_isa_plus_offset
80.0,high_power_42,HIGH_POWER,TAKEOFF,42,stage5_mission_generator,596.5567591179935,181.83050017916443,13.818817616946372,991.5960281582373,100.0,5784.66825250408,104.13500466130311,171.90545784785016,33.8267757969469,1.5149430866036981,291.6336859603614,85.6160922203603,587.2232113999314,632.926844505769,678.6304776116068,724.3341107174444,655.7786610586879,724.3341107174444,587.2232113999314,137.11089931751303,4.2425777629778105,80.1054219172257,14.5,91.0,43.8977883500272,41.8977883500272,14.49729439750072,420.0,True,True,2400.0,8.0,80.0,0.36014531034578895,96.41113754173466,0.36014531034578895,0.21608718620747336,0.1440581241383156,True,False,False,True,python_mission_generator,csv_authoritative,validated_csv,explicit_input,calibrated_csv,python_generated_isa_plus_offset
90.0,high_power_42,HIGH_POWER,TAKEOFF,42,stage5_mission_generator,621.0653057534605,189.30070519365478,13.770290694608148,990.7144913991846,100.0,5766.908976818183,103.8264946243568,171.9239881516666,33.71950793711712,1.5102284896710652,291.59353384524206,85.53033413993828,586.1755753091194,631.8113989537791,677.4472225984388,723.0830462430985,654.6293107761089,723.0830462430985,586.1755753091194,136.90747093397908,4.229830576677568,80.0667528645594,14.5,91.0,43.779393178787885,41.779393178787885,14.494160407673798,420.0,True,True,2400.0,8.0,90.0,0.3592873791233624,96.11514961363638,0.3592873791233624,0.21557242747401742,0.14371495164934497,True,False,False,True,python_mission_generator,csv_authoritative,validated_csv,explicit_input,calibrated_csv,python_generated_isa_plus_offset
100.0,high_power_42,HIGH_POWER,TAKEOFF,42,stage5_mission_generator,655.3683381360827,199.756269463878,13.702370690490557,989.4817270086311,100.0,5742.052463781884,103.3946930187725,171.9501163098235,33.56937203048484,1.503629772347816,291.53733551877025,85.41030408456443,584.7092666257513,630.2501817400425,675.791096854334,721.3320119686252,653.0206392971883,721.3320119686252,584.7092666257513,136.62274534287394,4.211989161968312,80.01263028497333,14.5,91.0,43.61368309187923,41.61368309187923,14.489773964196804,420.0,True,True,2400.0,8.0,100.0,0.3580865881118558,95.70087439636474,0.3580865881118558,0.21485195286711348,0.1432346352447423,True,False,False,True,python_mission_generator,csv_authoritative,validated_csv,explicit_input,calibrated_csv,python_generated_isa_plus_offset
110.0,high_power_42,HIGH_POWER,TAKEOFF,42,stage5_mission_generator,697.8823471539087,212.71453941251136,13.618192952635262,987.9556048058465,100.0,5711.246148830201,102.85953282800689,171.98281426255951,33.38329870561758,1.4954515470335779,291.46768522862214,85.26154292550258,582.8919736269195,628.3152623439016,673.7385510608838,719.1618397778659,651.0269067023927,719.1618397778659,582.8919736269195,136.26986615094643,4.189877120753426,79.9455526047576,14.5,91.0,43.408307658868004,41.408307658868004,14.484337555675918,420.0,True,True,2400.0,8.0,110.0,0.35659836866459843,95.18743581383667,0.35659836866459843,0.21395902119875906,0.14263934746583937,True,False,False,True,python_mission_generator,csv_authoritative,validated_csv,explicit_input,calibrated_csv,python_generated_isa_plus_offset
120.0,high_power_42,HIGH_POWER,TAKEOFF,42,stage5_mission_generator,746.0452744352754,227.39459964787193,13.522830356618154,986.2290070533584,100.0,5676.346539475488,102.25326487193341,172.02028563770713,33.17250145968327,1.486186665169928,291.3887803702701,85.09301558471049,580.8332134070829,626.1232464807875,671.4132795544923,716.703312628197,648.7682630176399,716.703312628197,580.8332134070829,135.87009922111406,4.164827010032778,79.86956218397472,14.5,91.0,43.17564359650325,41.17564359650325,14.47817880108391,420.0,True,True,2400.0,8.0,120.0,0.3549124066329557,94.6057756579248,0.3549124066329557,0.21294744397977342,0.1419649626531823,True,False,False,True,python_mission_generator,csv_authoritative,validated_csv,explicit_input,calibrated_csv,python_generated_isa_plus_offset
130.0,high_power_42,HIGH_POWER,TAKEOFF,42,stage5_mission_generator,796.6763872775288,242.82696284219077,13.422580753190493,984.4165622932627,100.0,5639.658444313284,101.61592775333857,172.0601773157419,32.950901574705625,1.4764469897476227,291.30583190736456,84.91585179317424,578.6689487560427,623.8188972897809,668.9688458235192,714.1187943572575,646.3938715566501,714.1187943572575,578.6689487560427,135.44984560121475,4.138493166676485,79.78967751361172,14.5,91.0,42.9310562954219,40.9310562954219,14.471704431349403,420.0,True,True,2400.0,8.0,130.0,0.35314004480425754,93.9943074052214,0.35314004480425754,0.2118840268825545,0.14125601792170303,True,False,False,True,python_mission_generator,csv_authoritative,validated_csv,explicit_input,calibrated_csv,python_generated_isa_plus_offset
140.0,high_power_42,HIGH_POWER,TAKEOFF,42,stage5_mission_generator,846.3361535757447,257.963259609887,13.324254415920025,982.6415097946154,100.0,5603.674202028149,100.9908178044183,172.09981109874767,32.73355303381959,1.4668941678138239,291.22447479211564,84.74208684924331,576.5462050369186,621.5587565211708,666.5713080054229,711.5838594896751,644.0650322632969,711.5838594896751,576.5462050369186,135.03765445275644,4.112664532198675,79.71132541273266,14.5,91.0,42.69116134685433,40.69116134685433,14.465354270946143,420.0,True,True,2400.0,8.0,140.0,0.3514016853397274,93.39457003380248,0.3514016853397274,0.21084101120383641,0.14056067413589096,True,False,False,True,python_mission_generator,csv_authoritative,validated_csv,explicit_input,calibrated_csv,python_generated_isa_plus_offset
150.0,high_power_42,HIGH_POWER,TAKEOFF,42,stage5_mission_generator,891.6861167514504,271.7859283858421,13.234461488832128,981.0227730401638,100.0,5570.812910399493,100.41777544797618,172.13270946869343,32.523423329290345,1.4586913236109427,291.1440499076563,84.58563348646973,574.5994220116335,619.4874637219049,664.3755054321763,709.2635471424477,641.9314845770406,709.2635471424477,574.5994220116335,134.66412513081423,4.089199431031718,79.63944568783607,14.5,91.0,42.472086069329954,40.472086069329954,14.459555219482263,420.0,True,True,2400.0,8.0,150.0,0.34981377629140126,92.84688183999155,0.34981377629140126,0.20988826577484074,0.13992551051656052,True,False,False,True,python_mission_generator,csv_authoritative,validated_csv,explicit_input,calibrated_csv,python_generated_isa_plus_offset
160.0,high_power_42,HIGH_POWER,TAKEOFF,42,stage5_mission_generator,929.8487706813441,283.4179053036737,13.158899434050939,979.6622561715445,100.0,5543.159655307424,99.93365178924392,172.15742268856206,32.33646330948167,1.4522418210256627,291.07103813616783,84.4559172381283,572.953983438227,617.7380864176347,662.5221893970423,707.30629237645,640.1301379073385,707.30629237645,572.953983438227,134.3523089382229,4.069559332060095,79.57867282680608,14.5,91.0,42.287731035382826,40.287731035382826,14.454675233289546,420.0,True,True,2400.0,8.0,160.0,0.3484771657820234,92.38599425512373,0.3484771657820234,0.20908629946921406,0.13939086631280936,True,False,False,True,python_mission_generator,csv_authoritative,validated_csv,explicit_input,calibrated_csv,python_generated_isa_plus_offset
170.0,high_power_42,HIGH_POWER,TAKEOFF,42,stage5_mission_generator,958.7674346260173,292.2323140740101,13.101640479440485,978.6323098352992,100.0,5522.204739738582,99.5667955056044,172.17631456330628,32.194789882002844,1.4473545561562788,291.01571171973035,84.35762164786769,571.7071129969484,616.4124539166154,661.1177948362823,705.8231357559494,638.7651243764489,705.8231357559494,571.7071129969484,134.116022759001,4.054676577232723,79.53262073754857,14.5,91.0,42.14803159825721,40.14803159825721,14.45097730701269,420.0,True,True,2400.0,8.0,170.0,0.3474643171940656,92.0367456623097,0.3474643171940656,0.20847859031643937,0.13898572687762625,True,False,False,True,python_mission_generator,csv_authoritative,validated_csv,explicit_input,calibrated_csv,python_generated_isa_plus_offset
180.0,high_power_42,HIGH_POWER,TAKEOFF,42,stage5_mission_generator,977.5661281586741,297.9621558627639,13.064419066245826,977.9632594520868,100.0,5508.582912791978,99.32831910642278,172.18867238707557,32.102694502009115,1.4441775700179071,290.9797465607293,84.29372420501018,570.8965798635584,615.5507211902602,660.2048625169621,704.8590038436639,637.8777918536111,704.8590038436639,570.8965798635584,133.96242398010554,4.045001982740505,79.50268439214388,14.5,91.0,42.05721941861319,40.05721941861319,14.448573455198584,420.0,True,True,2400.0,8.0,180.0,0.34680591090543383,91.80971521319962,0.34680591090543383,0.2080835465432603,0.13872236436217353,True,False,False,True,python_mission_generator,csv_authoritative,validated_csv,explicit_input,calibrated_csv,python_generated_isa_plus_offset
190.0,high_power_42,HIGH_POWER,TAKEOFF,42,stage5_mission_generator,986.9094460938537,300.80999916940664,13.04591929673417,977.6308661576622,100.0,5501.812598684828,99.20979167717775,172.19483723216362,32.05692129898584,1.442598545841844,290.9618711740939,84.26196592761575,570.493729061767,615.1224231905348,659.7511173193027,704.3798114480705,637.4367702549188,704.3798114480705,570.493729061767,133.88608238630354,4.040193520275935,79.48780544364419,14.5,91.0,42.01208399123219,40.01208399123219,14.447378693885558,420.0,True,True,2400.0,8.0,190.0,0.3464786701174226,91.69687664474714,0.3464786701174226,0.20788720207045355,0.13859146804696906,True,False,False,True,python_mission_generator,csv_authoritative,validated_csv,explicit_input,calibrated_csv,python_generated_isa_plus_offset
200.0,high_power_42,HIGH_POWER,TAKEOFF,42,stage5_mission_generator,989.3624334161495,301.5576697052424,13.041062381836024,977.5436150473271,100.0,5500.035125758399,99.17891242211451,172.1968729457648,32.04492895936968,1.4421918401972906,290.95717818418376,84.25371869448897,570.3884836668403,615.0105588693984,659.6326340719565,704.2547092745147,637.3215964706775,704.2547092745147,570.3884836668403,133.86622560767432,4.038934500984955,79.48393496264956,14.5,91.0,42.00023417172266,40.00023417172266,14.447065022192659,420.0,True,True,2400.0,8.0,200.0,0.3463928020728641,91.66725209597331,0.3463928020728641,0.20783568124371846,0.13855712082914565,True,False,False,True,python_mission_generator,csv_authoritative,validated_csv,explicit_input,calibrated_csv,python_generated_isa_plus_offset
210.0,high_power_42,HIGH_POWER,CLIMB,42,stage5_mission_generator,991.4108425824594,302.18202481913363,13.03700653168673,977.4707593413744,100.0,5500.0,99.17832876716753,172.19695931877638,32.04446074899911,1.4421845565348907,290.9532592224092,84.25382756306738,570.3847399072004,615.006690892628,659.6286418780554,704.250592863483,637.3176663853417,704.250592863483,570.3847399072004,133.86585295628265,4.038909966991897,79.48448324061273,14.5,91.0,42.0,40.0,14.447058823529412,420.0,True,True,2400.0,8.0,210.0,0.34639111024136526,91.66666666666667,0.34639111024136526,0.20783466614481916,0.1385564440965461,True,False,False,True,python_mission_generator,csv_authoritative,validated_csv,explicit_input,calibrated_csv,python_generated_isa_plus_offset
220.0,high_power_42,HIGH_POWER,CLIMB,42,stage5_mission_generator,1018.7633115446422,310.51905735880695,12.982848643141608,976.4983361798811,100.0,5500.0,99.17844958041505,172.19716907905493,32.04127308588188,1.4421868894022518,290.9009292084331,84.25745356085282,570.3614559058078,614.9834340059147,659.6054121060217,704.2273902061286,637.2944230559682,704.2273902061286,570.3614559058078,133.86593430032076,4.038911259383598,79.4929915689657,14.5,91.0,42.0,40.0,14.447058823529412,420.0,True,True,2400.0,8.0,220.0,0.3463911332534124,91.66666666666667,0.3463911332534124,0.20783467995204744,0.13855645330136498,True,False,False,True,python_mission_generator,csv_authoritative,validated_csv,explicit_input,calibrated_csv,python_generated_isa_plus_offset
230.0,high_power_42,HIGH_POWER,CLIMB,42,stage5_mission_generator,1097.7353832887834,334.58974482642117,12.82648394108821,973.6951501029197,100.0,5500.0,99.17879839252652,172.19777469911037,32.03206966220786,1.4421936248588891,290.74984194739636,84.26792254475521,570.294230317105,614.9162867027375,659.53834308837,704.1603994740025,637.2273148955537,704.1603994740025,570.294230317105,133.8661691568975,4.0389149907780215,79.51755682185181,14.5,91.0,42.0,40.0,14.447058823529412,420.0,True,True,2400.0,8.0,230.0,0.3463911996938146,91.66666666666667,0.3463911996938146,0.20783471981628876,0.13855647987752584,True,False,False,True,python_mission_generator,csv_authoritative,validated_csv,explicit_input,calibrated_csv,python_generated_isa_plus_offset
240.0,high_power_42,HIGH_POWER,CLIMB,42,stage5_mission_generator,1239.8838962080792,377.9166115642226,12.545029885508004,968.6658794574719,100.0,5500.0,99.1794262489552,172.1988648058832,32.0155036413332,1.4422057485771056,290.4778872043702,84.2867665545505,570.1732252927563,614.7954225911293,659.4176198895021,704.0398171878751,637.1065212403157,704.0398171878751,570.1732252927563,133.86659189511875,4.038921707230518,79.56177389872626,14.5,91.0,42.0,40.0,14.447058823529412,420.0,True,True,2400.0,8.0,240.0,0.3463913192855153,91.66666666666667,0.3463913192855153,0.20783479157130919,0.13855652771420612,True,False,False,True,python_mission_generator,csv_authoritative,validated_csv,explicit_input,calibrated_csv,python_generated_isa_plus_offset
250.0,high_power_42,HIGH_POWER,CLIMB,42,stage5_mission_generator,1444.413853377964,440.25734250960346,12.14006057031163,961.4664539699414,100.0,5500.0,99.1803296382755,172.2004333027108,31.99166767238505,1.4422231927523321,290.08658594626354,84.31388020095584,569.9991175800615,614.6215176303041,659.2439176805466,703.8663177307892,636.9327176554253,703.8663177307892,569.9991175800615,133.86720015072774,4.038931371177845,79.62539550582984,14.5,91.0,42.0,40.0,14.447058823529412,420.0,True,True,2400.0,8.0,250.0,0.3463914913596715,91.66666666666667,0.3463914913596715,0.2078348948158029,0.13855659654386862,True,False,False,True,python_mission_generator,csv_authoritative,validated_csv,explicit_input,calibrated_csv,python_generated_isa_plus_offset
260.0,high_power_42,HIGH_POWER,CLIMB,42,stage5_mission_generator,1700.8863875940938,518.4301709386798,11.632244952563694,952.4999503012274,100.0,5500.0,99.18146245300625,172.20240013613633,31.96177830338396,1.4422450670630185,289.5959095353494,84.34787964877093,569.7807933457084,614.4034476388333,659.026101931958,703.6487562250829,636.7147747853957,703.6487562250829,569.7807933457084,133.86796287937455,4.03894348938828,79.70517450266016,14.5,91.0,42.0,40.0,14.447058823529412,420.0,True,True,2400.0,8.0,260.0,0.346391707133906,91.66666666666667,0.346391707133906,0.2078350242803436,0.1385566828535624,True,False,False,True,python_mission_generator,csv_authoritative,validated_csv,explicit_input,calibrated_csv,python_generated_isa_plus_offset
270.0,high_power_42,HIGH_POWER,CLIMB,42,stage5_mission_generator,1991.9267264103341,607.1392662098699,11.055985081707538,942.407065428965,100.0,5500.0,99.1827479504341,172.20463206271788,31.927860394366256,1.4422698896305217,289.0390989227897,84.38646160001926,569.5330429995274,614.1559858028228,658.7789286061183,703.4018714094136,636.4674572044705,703.4018714094136,569.5330429995274,133.8688284098862,4.038957240911739,79.79570624844288,14.5,91.0,42.0,40.0,14.447058823529412,420.0,True,True,2400.0,8.0,270.0,0.3463919519905589,91.66666666666667,0.3463919519905589,0.20783517119433534,0.13855678079622355,True,False,False,True,python_mission_generator,csv_authoritative,validated_csv,explicit_input,calibrated_csv,python_generated_isa_plus_offset
280.0,high_power_42,HIGH_POWER,CLIMB,42,stage5_mission_generator,2295.9321571767423,699.8001215074711,10.45405432879005,931.9572177333278,100.0,5500.0,99.18409071343699,172.20696341583763,31.892431530506485,1.442295817979002,288.4574838421621,84.42676227708957,569.2742560182464,613.8975001840919,658.5207443499374,703.1439885157829,636.2091222670147,703.1439885157829,569.2742560182464,133.86973249753646,4.038971605029889,79.89027094860322,14.5,91.0,42.0,40.0,14.447058823529412,420.0,True,True,2400.0,8.0,280.0,0.3463922077549404,91.66666666666667,0.3463922077549404,0.20783532465296423,0.13855688310197617,True,False,False,True,python_mission_generator,csv_authoritative,validated_csv,explicit_input,calibrated_csv,python_generated_isa_plus_offset
290.0,high_power_42,HIGH_POWER,CLIMB,42,stage5_mission_generator,2589.779992077557,789.3649415852394,9.872235615686437,921.9458982546591,100.0,5500.0,99.18538861130739,172.20921687251072,31.858186435239787,1.4423208799953096,287.895302002985,84.46571640587698,569.0241157692443,613.6476512283493,658.2711866874545,702.8947221465595,635.9594189579019,702.8947221465595,569.0241157692443,133.8706063773152,4.038985489206261,79.98167600123698,14.5,91.0,42.0,40.0,14.447058823529412,420.0,True,True,2400.0,8.0,290.0,0.3463924549735824,91.66666666666667,0.3463924549735824,0.20783547298414942,0.13855698198943298,True,False,False,True,python_mission_generator,csv_authoritative,validated_csv,explicit_input,calibrated_csv,python_generated_isa_plus_offset
300.0,high_power_42,HIGH_POWER,CLIMB,42,stage5_mission_generator,2851.5355331691817,869.1480305099666,9.35395964432502,913.1014591797303,100.0,5500.0,99.18654476057581,172.21122422019462,31.827681383384313,1.442343204888878,287.3945182842437,84.50041619892441,568.8012943343051,613.4250892733713,658.0488842124374,702.6726791515036,635.7369867429044,702.6726791515036,568.8012943343051,133.87138481719853,4.038997857036365,80.06309834358208,14.5,91.0,42.0,40.0,14.447058823529412,420.0,True,True,2400.0,8.0,300.0,0.3463926751924906,91.66666666666667,0.3463926751924906,0.20783560511549437,0.13855707007699625,True,False,False,True,python_mission_generator,csv_authoritative,validated_csv,explicit_input,calibrated_csv,python_generated_isa_plus_offset
310.0,high_power_42,HIGH_POWER,CLIMB,42,stage5_mission_generator,3063.160037418167,933.6511794050574,8.934943125912028,906.0012318552602,100.0,5500.0,99.19084439614049,172.2186894011431,31.817484637687773,1.4421605331504723,286.9883501966464,84.52813938802932,568.6282750219627,613.2523492801104,657.876423538258,702.5004977964056,635.5643864091842,702.5004977964056,568.6282750219627,133.8722227744429,4.038975285288666,80.12943153503568,14.5,91.0,42.0,40.0,14.447058823529412,420.0,True,True,2400.0,8.0,310.0,0.34639349417069343,91.66666666666667,0.34639349417069343,0.20783609650241605,0.13855739766827738,True,False,False,True,python_mission_generator,csv_authoritative,validated_csv,explicit_input,calibrated_csv,python_generated_isa_plus_offset
320.0,high_power_42,HIGH_POWER,CLIMB,42,stage5_mission_generator,3213.218681739208,979.3890541941106,8.637827010156368,900.9937468425245,100.0,5500.0,99.20296839959279,172.23973952928307,31.834023442768455,1.4419184223471844,286.69630340025367,84.54911774540824,568.5240123722667,613.149578717833,657.7751450633993,702.4007114089657,635.4623618906162,702.4007114089657,568.5240123722667,133.87669903669894,4.038982085101094,80.17782833875077,14.5,91.0,42.0,40.0,14.447058823529412,420.0,True,True,2400.0,8.0,320.0,0.34639580350468435,91.66666666666667,0.34639580350468435,0.2078374821028106,0.13855832140187374,True,False,False,True,python_mission_generator,csv_authoritative,validated_csv,explicit_input,calibrated_csv,python_generated_isa_plus_offset
330.0,high_power_42,HIGH_POWER,CLIMB,42,stage5_mission_generator,3299.588528033108,1005.7145833444914,8.466814714494445,898.1217462481077,100.0,5500.0,99.20994666012139,172.25185543463556,31.84354274809849,1.4417790696763622,286.5282088727494,84.56119234138045,568.4640015073868,613.090426659599,657.716851811811,702.3432769640232,635.403639235705,702.3432769640232,568.4640015073868,133.87927545663638,4.038985998895976,80.20568427811969,14.5,91.0,42.0,40.0,14.447058823529412,420.0,True,True,2400.0,8.0,330.0,0.346397132697166,91.66666666666667,0.346397132697166,0.2078382796182996,0.1385588530788664,True,False,False,True,python_mission_generator,csv_authoritative,validated_csv,explicit_input,calibrated_csv,python_generated_isa_plus_offset
340.0,high_power_42,HIGH_POWER,CLIMB,42,stage5_mission_generator,3332.166488224795,1015.6443456109176,8.402310353314906,897.0403797724599,100.0,5500.0,99.21257879973335,172.25642544950992,31.84713334786683,1.4417265070522818,286.46480506852316,84.56574677471329,568.4413659273664,613.0681150140293,657.6948641006921,702.3216131873551,635.3814895573607,702.3216131873551,568.4413659273664,133.88024725998866,4.038987475145609,80.21619129790497,14.5,91.0,42.0,40.0,14.447058823529412,420.0,True,True,2400.0,8.0,340.0,0.34639763405709206,91.66666666666667,0.34639763405709206,0.20783858043425524,0.13855905362283683,True,False,False,True,python_mission_generator,csv_authoritative,validated_csv,explicit_input,calibrated_csv,python_generated_isa_plus_offset
350.0,high_power_42,HIGH_POWER,CRUISE,42,stage5_mission_generator,3335.482337093924,1016.6550163462281,8.39574497255403,896.9303753065125,100.0,5500.0,99.21284670408046,172.25689059461305,31.84749880617396,1.441721157125012,286.45835170461373,84.56621033389649,568.4390620335078,613.0658440908562,657.6926261482047,702.3194082055531,635.3792351195304,702.3194082055531,568.4390620335078,133.8803461720454,4.0389876254012,80.21726072304602,14.5,91.0,42.0,40.0,14.447058823529412,420.0,True,True,2400.0,8.0,350.0,0.34639768508649155,91.66666666666667,0.34639768508649155,0.2078386110518949,0.13855907403459664,True,False,False,True,python_mission_generator,csv_authoritative,validated_csv,explicit_input,calibrated_csv,python_generated_isa_plus_offset
360.0,high_power_42,HIGH_POWER,CRUISE,42,stage5_mission_generator,3335.482337093924,1016.6550163462281,8.39574497255403,896.9303753065125,100.0,5500.0,99.21284670408046,172.25689059461305,31.84749880617396,1.441721157125012,286.45835170461373,84.56621033389649,568.4390620335078,613.0658440908562,657.6926261482047,702.3194082055531,635.3792351195304,702.3194082055531,568.4390620335078,133.8803461720454,4.0389876254012,80.21726072304602,14.5,91.0,42.0,40.0,14.447058823529412,420.0,True,True,2400.0,8.0,360.0,0.34639768508649155,91.66666666666667,0.34639768508649155,0.2078386110518949,0.13855907403459664,True,False,False,True,python_mission_generator,csv_authoritative,validated_csv,explicit_input,calibrated_csv,python_generated_isa_plus_offset
370.0,high_power_42,HIGH_POWER,CRUISE,42,stage5_mission_generator,3335.482337093924,1016.6550163462281,8.39574497255403,896.9303753065125,100.0,5500.0,99.21284670408046,172.25689059461305,31.84749880617396,1.441721157125012,286.45835170461373,84.56621033389649,568.4390620335078,613.0658440908562,657.6926261482047,702.3194082055531,635.3792351195304,702.3194082055531,568.4390620335078,133.8803461720454,4.0389876254012,80.21726072304602,14.5,91.0,42.0,40.0,14.447058823529412,420.0,True,True,2400.0,8.0,370.0,0.34639768508649155,91.66666666666667,0.34639768508649155,0.2078386110518949,0.13855907403459664,True,False,False,True,python_mission_generator,csv_authoritative,validated_csv,explicit_input,calibrated_csv,python_generated_isa_plus_offset
380.0,high_power_42,HIGH_POWER,CRUISE,42,stage5_mission_generator,3335.482337093924,1016.6550163462281,8.39574497255403,896.9303753065125,100.0,5500.0,99.21284670408046,172.25689059461305,31.84749880617396,1.441721157125012,286.45835170461373,84.56621033389649,568.4390620335078,613.0658440908562,657.6926261482047,702.3194082055531,635.3792351195304,702.3194082055531,568.4390620335078,133.8803461720454,4.0389876254012,80.21726072304602,14.5,91.0,42.0,40.0,14.447058823529412,420.0,True,True,2400.0,8.0,380.0,0.34639768508649155,91.66666666666667,0.34639768508649155,0.2078386110518949,0.13855907403459664,True,False,False,True,python_mission_generator,csv_authoritative,validated_csv,explicit_input,calibrated_csv,python_generated_isa_plus_offset
390.0,high_power_42,HIGH_POWER,CRUISE,42,stage5_mission_generator,3335.482337093924,1016.6550163462281,8.39574497255403,896.9303753065125,100.0,5500.0,99.21284670408046,172.25689059461305,31.84749880617396,1.441721157125012,286.45835170461373,84.56621033389649,568.4390620335078,613.0658440908562,657.6926261482047,702.3194082055531,635.3792351195304,702.3194082055531,568.4390620335078,133.8803461720454,4.0389876254012,80.21726072304602,14.5,91.0,42.0,40.0,14.447058823529412,420.0,True,True,2400.0,8.0,390.0,0.34639768508649155,91.66666666666667,0.34639768508649155,0.2078386110518949,0.13855907403459664,True,False,False,True,python_mission_generator,csv_authoritative,validated_csv,explicit_input,calibrated_csv,python_generated_isa_plus_offset
400.0,high_power_42,HIGH_POWER,CRUISE,42,stage5_mission_generator,3335.482337093924,1016.6550163462281,8.39574497255403,896.9303753065125,100.0,5500.0,99.21284670408046,172.25689059461305,31.84749880617396,1.441721157125012,286.45835170461373,84.56621033389649,568.4390620335078,613.0658440908562,657.6926261482047,702.3194082055531,635.3792351195304,702.3194082055531,568.4390620335078,133.8803461720454,4.0389876254012,80.21726072304602,14.5,91.0,42.0,40.0,14.447058823529412,420.0,True,True,2400.0,8.0,400.0,0.34639768508649155,91.66666666666667,0.34639768508649155,0.2078386110518949,0.13855907403459664,True,False,False,True,python_mission_generator,csv_authoritative,validated_csv,explicit_input,calibrated_csv,python_generated_isa_plus_offset
410.0,high_power_42,HIGH_POWER,CRUISE,42,stage5_mission_generator,3335.482337093924,1016.6550163462281,8.39574497255403,896.9303753065125,100.0,5500.0,99.21284670408046,172.25689059461305,31.84749880617396,1.441721157125012,286.45835170461373,84.56621033389649,568.4390620335078,613.0658440908562,657.6926261482047,702.3194082055531,635.3792351195304,702.3194082055531,568.4390620335078,133.8803461720454,4.0389876254012,80.21726072304602,14.5,91.0,42.0,40.0,14.447058823529412,420.0,True,True,2400.0,8.0,410.0,0.34639768508649155,91.66666666666667,0.34639768508649155,0.2078386110518949,0.13855907403459664,True,False,False,True,python_mission_generator,csv_authoritative,validated_csv,explicit_input,calibrated_csv,python_generated_isa_plus_offset
420.0,high_power_42,HIGH_POWER,CRUISE,42,stage5_mission_generator,3335.482337093924,1016.6550163462281,8.39574497255403,896.9303753065125,100.0,5500.0,99.21284670408046,172.25689059461305,31.84749880617396,1.441721157125012,286.45835170461373,84.56621033389649,568.4390620335078,613.0658440908562,657.6926261482047,702.3194082055531,635.3792351195304,702.3194082055531,568.4390620335078,133.8803461720454,4.0389876254012,80.21726072304602,14.5,91.0,42.0,40.0,14.447058823529412,420.0,True,True,2400.0,8.0,420.0,0.34639768508649155,91.66666666666667,0.34639768508649155,0.2078386110518949,0.13855907403459664,True,False,False,True,python_mission_generator,csv_authoritative,validated_csv,explicit_input,calibrated_csv,python_generated_isa_plus_offset
430.0,high_power_42,HIGH_POWER,CRUISE,42,stage5_mission_generator,3335.482337093924,1016.6550163462281,8.39574497255403,896.9303753065125,100.0,5500.0,99.21284670408046,172.25689059461305,31.84749880617396,1.441721157125012,286.45835170461373,84.56621033389649,568.4390620335078,613.0658440908562,657.6926261482047,702.3194082055531,635.3792351195304,702.3194082055531,568.4390620335078,133.8803461720454,4.0389876254012,80.21726072304602,14.5,91.0,42.0,40.0,14.447058823529412,420.0,True,True,2400.0,8.0,430.0,0.34639768508649155,91.66666666666667,0.34639768508649155,0.2078386110518949,0.13855907403459664,True,False,False,True,python_mission_generator,csv_authoritative,validated_csv,explicit_input,calibrated_csv,python_generated_isa_plus_offset
440.0,high_power_42,HIGH_POWER,CRUISE,42,stage5_mission_generator,3335.482337093924,1016.6550163462281,8.39574497255403,896.9303753065125,100.0,5500.0,99.21284670408046,172.25689059461305,31.84749880617396,1.441721157125012,286.45835170461373,84.56621033389649,568.4390620335078,613.0658440908562,657.6926261482047,702.3194082055531,635.3792351195304,702.3194082055531,568.4390620335078,133.8803461720454,4.0389876254012,80.21726072304602,14.5,91.0,42.0,40.0,14.447058823529412,420.0,True,True,2400.0,8.0,440.0,0.34639768508649155,91.66666666666667,0.34639768508649155,0.2078386110518949,0.13855907403459664,True,False,False,True,python_mission_generator,csv_authoritative,validated_csv,explicit_input,calibrated_csv,python_generated_isa_plus_offset
450.0,high_power_42,HIGH_POWER,CRUISE,42,stage5_mission_generator,3335.482337093924,1016.6550163462281,8.39574497255403,896.9303753065125,100.0,5500.0,99.21284670408046,172.25689059461305,31.84749880617396,1.441721157125012,286.45835170461373,84.56621033389649,568.4390620335078,613.0658440908562,657.6926261482047,702.3194082055531,635.3792351195304,702.3194082055531,568.4390620335078,133.8803461720454,4.0389876254012,80.21726072304602,14.5,91.0,42.0,40.0,14.447058823529412,420.0,True,True,2400.0,8.0,450.0,0.34639768508649155,91.66666666666667,0.34639768508649155,0.2078386110518949,0.13855907403459664,True,False,False,True,python_mission_generator,csv_authoritative,validated_csv,explicit_input,calibrated_csv,python_generated_isa_plus_offset
460.0,high_power_42,HIGH_POWER,CRUISE,42,stage5_mission_generator,3335.482337093924,1016.6550163462281,8.39574497255403,896.9303753065125,100.0,5500.0,99.21284670408046,172.25689059461305,31.84749880617396,1.441721157125012,286.45835170461373,84.56621033389649,568.4390620335078,613.0658440908562,657.6926261482047,702.3194082055531,635.3792351195304,702.3194082055531,568.4390620335078,133.8803461720454,4.0389876254012,80.21726072304602,14.5,91.0,42.0,40.0,14.447058823529412,420.0,True,True,2400.0,8.0,460.0,0.34639768508649155,91.66666666666667,0.34639768508649155,0.2078386110518949,0.13855907403459664,True,False,False,True,python_mission_generator,csv_authoritative,validated_csv,explicit_input,calibrated_csv,python_generated_isa_plus_offset
470.0,high_power_42,HIGH_POWER,CRUISE,42,stage5_mission_generator,3335.482337093924,1016.6550163462281,8.39574497255403,896.9303753065125,100.0,5500.0,99.21284670408046,172.25689059461305,31.84749880617396,1.441721157125012,286.45835170461373,84.56621033389649,568.4390620335078,613.0658440908562,657.6926261482047,702.3194082055531,635.3792351195304,702.3194082055531,568.4390620335078,133.8803461720454,4.0389876254012,80.21726072304602,14.5,91.0,42.0,40.0,14.447058823529412,420.0,True,True,2400.0,8.0,470.0,0.34639768508649155,91.66666666666667,0.34639768508649155,0.2078386110518949,0.13855907403459664,True,False,False,True,python_mission_generator,csv_authoritative,validated_csv,explicit_input,calibrated_csv,python_generated_isa_plus_offset
480.0,high_power_42,HIGH_POWER,CRUISE,42,stage5_mission_generator,3335.482337093924,1016.6550163462281,8.39574497255403,896.9303753065125,100.0,5500.0,99.21284670408046,172.25689059461305,31.84749880617396,1.441721157125012,286.45835170461373,84.56621033389649,568.4390620335078,613.0658440908562,657.6926261482047,702.3194082055531,635.3792351195304,702.3194082055531,568.4390620335078,133.8803461720454,4.0389876254012,80.21726072304602,14.5,91.0,42.0,40.0,14.447058823529412,420.0,True,True,2400.0,8.0,480.0,0.34639768508649155,91.66666666666667,0.34639768508649155,0.2078386110518949,0.13855907403459664,True,False,False,True,python_mission_generator,csv_authoritative,validated_csv,explicit_input,calibrated_csv,python_generated_isa_plus_offset
490.0,high_power_42,HIGH_POWER,CRUISE,42,stage5_mission_generator,3335.482337093924,1016.6550163462281,8.39574497255403,896.9303753065125,100.0,5500.0,99.21284670408046,172.25689059461305,31.84749880617396,1.441721157125012,286.45835170461373,84.56621033389649,568.4390620335078,613.0658440908562,657.6926261482047,702.3194082055531,635.3792351195304,702.3194082055531,568.4390620335078,133.8803461720454,4.0389876254012,80.21726072304602,14.5,91.0,42.0,40.0,14.447058823529412,420.0,True,True,2400.0,8.0,490.0,0.34639768508649155,91.66666666666667,0.34639768508649155,0.2078386110518949,0.13855907403459664,True,False,False,True,python_mission_generator,csv_authoritative,validated_csv,explicit_input,calibrated_csv,python_generated_isa_plus_offset
500.0,high_power_42,HIGH_POWER,CRUISE,42,stage5_mission_generator,3335.482337093924,1016.6550163462281,8.39574497255403,896.9303753065125,100.0,5500.0,99.21284670408046,172.25689059461305,31.84749880617396,1.441721157125012,286.45835170461373,84.56621033389649,568.4390620335078,613.0658440908562,657.6926261482047,702.3194082055531,635.3792351195304,702.3194082055531,568.4390620335078,133.8803461720454,4.0389876254012,80.21726072304602,14.5,91.0,42.0,40.0,14.447058823529412,420.0,True,True,2400.0,8.0,500.0,0.34639768508649155,91.66666666666667,0.34639768508649155,0.2078386110518949,0.13855907403459664,True,False,False,True,python_mission_generator,csv_authoritative,validated_csv,explicit_input,calibrated_csv,python_generated_isa_plus_offset
510.0,high_power_42,HIGH_POWER,CRUISE,42,stage5_mission_generator,3335.482337093924,1016.6550163462281,8.39574497255403,896.9303753065125,100.0,5500.0,99.21284670408046,172.25689059461305,31.84749880617396,1.441721157125012,286.45835170461373,84.56621033389649,568.4390620335078,613.0658440908562,657.6926261482047,702.3194082055531,635.3792351195304,702.3194082055531,568.4390620335078,133.8803461720454,4.0389876254012,80.21726072304602,14.5,91.0,42.0,40.0,14.447058823529412,420.0,True,True,2400.0,8.0,510.0,0.34639768508649155,91.66666666666667,0.34639768508649155,0.2078386110518949,0.13855907403459664,True,False,False,True,python_mission_generator,csv_authoritative,validated_csv,explicit_input,calibrated_csv,python_generated_isa_plus_offset
520.0,high_power_42,HIGH_POWER,CRUISE,42,stage5_mission_generator,3335.482337093924,1016.6550163462281,8.39574497255403,896.9303753065125,100.0,5500.0,99.21284670408046,172.25689059461305,31.84749880617396,1.441721157125012,286.45835170461373,84.56621033389649,568.4390620335078,613.0658440908562,657.6926261482047,702.3194082055531,635.3792351195304,702.3194082055531,568.4390620335078,133.8803461720454,4.0389876254012,80.21726072304602,14.5,91.0,42.0,40.0,14.447058823529412,420.0,True,True,2400.0,8.0,520.0,0.34639768508649155,91.66666666666667,0.34639768508649155,0.2078386110518949,0.13855907403459664,True,False,False,True,python_mission_generator,csv_authoritative,validated_csv,explicit_input,calibrated_csv,python_generated_isa_plus_offset
530.0,high_power_42,HIGH_POWER,CRUISE,42,stage5_mission_generator,3335.482337093924,1016.6550163462281,8.39574497255403,896.9303753065125,100.0,5500.0,99.21284670408046,172.25689059461305,31.84749880617396,1.441721157125012,286.45835170461373,84.56621033389649,568.4390620335078,613.0658440908562,657.6926261482047,702.3194082055531,635.3792351195304,702.3194082055531,568.4390620335078,133.8803461720454,4.0389876254012,80.21726072304602,14.5,91.0,42.0,40.0,14.447058823529412,420.0,True,True,2400.0,8.0,530.0,0.34639768508649155,91.66666666666667,0.34639768508649155,0.2078386110518949,0.13855907403459664,True,False,False,True,python_mission_generator,csv_authoritative,validated_csv,explicit_input,calibrated_csv,python_generated_isa_plus_offset
540.0,high_power_42,HIGH_POWER,CRUISE,42,stage5_mission_generator,3335.482337093924,1016.6550163462281,8.39574497255403,896.9303753065125,100.0,5500.0,99.21284670408046,172.25689059461305,31.84749880617396,1.441721157125012,286.45835170461373,84.56621033389649,568.4390620335078,613.0658440908562,657.6926261482047,702.3194082055531,635.3792351195304,702.3194082055531,568.4390620335078,133.8803461720454,4.0389876254012,80.21726072304602,14.5,91.0,42.0,40.0,14.447058823529412,420.0,True,True,2400.0,8.0,540.0,0.34639768508649155,91.66666666666667,0.34639768508649155,0.2078386110518949,0.13855907403459664,True,False,False,True,python_mission_generator,csv_authoritative,validated_csv,explicit_input,calibrated_csv,python_generated_isa_plus_offset
550.0,high_power_42,HIGH_POWER,DESCENT,42,stage5_mission_generator,3334.3345847329433,1016.3051814266012,8.398017522228772,896.968451163244,99.98191097550189,5498.960400890914,99.08904218342788,172.07446193479214,31.788728520203314,1.4402690256420214,286.45996172116025,84.53262488181305,568.1468856352358,612.748199634252,657.3495136332682,701.9508276322845,635.0488566337601,701.9508276322845,568.1468856352358,133.8039419970487,4.0373336478789605,80.19833378261528,14.5,91.0,41.99168320712731,39.99168320712731,14.446875364863102,420.0,True,True,2400.0,8.0,550.0,0.34632732131312505,91.64934001484856,0.34632732131312505,0.207796392787875,0.13853092852525004,True,False,False,True,python_mission_generator,csv_authoritative,validated_csv,explicit_input,calibrated_csv,python_generated_isa_plus_offset
560.0,high_power_42,HIGH_POWER,DESCENT,42,stage5_mission_generator,3314.651071302458,1010.3056465329893,8.436990878821133,897.6216412449282,99.67169113300147,5481.13167431043,96.96584206825847,168.9351104104566,30.780840623350528,1.4153655268386274,286.4875728883376,83.95664724096693,563.1361723010968,607.3007188533425,651.4652654055881,695.6298119578337,629.3829921294653,695.6298119578337,563.1361723010968,132.49363965673683,4.008968566804394,79.87374400277106,14.5,91.0,41.84905339448344,39.84905339448344,14.443729118995957,420.0,True,True,2400.0,8.0,560.0,0.34512060954744717,91.3521945718405,0.34512060954744717,0.2070723657284683,0.13804824381897887,True,False,False,True,python_mission_generator,csv_authoritative,validated_csv,explicit_input,calibrated_csv,python_generated_isa_plus_offset
570.0,high_power_42,HIGH_POWER,DESCENT,42,stage5_mission_generator,3253.5936873698074,991.6953559103174,8.55788449900778,899.6502587221962,98.70940296763058,5425.827756760378,90.57746874907025,159.41366954973378,27.73343289370386,1.341314545213081,286.47402305738837,82.22792158285685,547.982157989309,590.8346445802983,633.6871311712878,676.5396177622771,612.2608878757931,676.5396177622771,547.982157989309,128.55745977296806,3.9229364910144273,78.89653579292012,14.5,91.0,41.40662205408302,39.40662205408302,14.433969604134184,420.0,True,True,2400.0,8.0,570.0,0.34141510024451616,90.43046261267297,0.34141510024451616,0.2048490601467097,0.13656604009780646,True,False,False,True,python_mission_generator,csv_authoritative,validated_csv,explicit_input,calibrated_csv,python_generated_isa_plus_offset
580.0,high_power_42,HIGH_POWER,DESCENT,42,stage5_mission_generator,3138.562336977488,956.6338003107384,8.785646572784575,903.482233994339,96.89646405673227,5321.635865329441,79.07731924026388,141.89861796676746,22.73167756170955,1.213777188594699,286.5484784192854,79.14501701002493,520.6474014188793,561.1523775458359,601.6573536727924,642.1623297997489,581.4048656093141,642.1623297997489,520.6474014188793,121.5149283808696,3.767002944452991,77.13580763543739,14.5,91.0,40.573086922635525,38.573086922635525,14.41558279976402,420.0,True,True,2400.0,8.0,580.0,0.3345359604617799,88.69393108882402,0.3345359604617799,0.20072157627706794,0.13381438418471198,True,False,False,True,python_mission_generator,csv_authoritative,validated_csv,explicit_input,calibrated_csv,python_generated_isa_plus_offset
590.0,high_power_42,HIGH_POWER,DESCENT,42,stage5_mission_generator,2966.052336218374,904.0527520793604,9.12721637428762,909.2537267627074,94.1776392161245,5165.381564145086,64.174747952373,118.64054840626797,17.59469874670251,1.050385680684824,286.5158897749891,75.15662918141919,484.74336569367694,522.2090246296157,559.6746835655542,597.140342501493,540.941854097585,597.140342501493,484.74336569367694,112.39697680781609,3.553739978156722,74.84687483801814,14.5,91.0,39.32305251316068,37.32305251316068,14.388008511319722,420.0,True,True,2400.0,8.0,590.0,0.3246659319012666,86.08969273575143,0.3246659319012666,0.19479955914075994,0.12986637276050664,True,False,False,True,python_mission_generator,csv_authoritative,validated_csv,explicit_input,calibrated_csv,python_generated_isa_plus_offset
600.0,high_power_42,HIGH_POWER,DESCENT,42,stage5_mission_generator,2740.0571760737876,835.1694272672905,9.5746867913739,916.8597547709809,90.61586741997097,4960.682035630515,55.34419028235287,106.53738407245457,15.343889408662557,0.9571058684230751,286.7603418118799,72.7953223408472,461.35706681944174,497.0196903036677,532.6823137878937,568.3449372721195,514.8510020457807,568.3449372721195,461.35706681944174,106.98787045267778,3.366622698314801,73.45214228980623,14.5,91.0,37.60682035630515,35.56750239193567,14.351885065111267,420.0,True,True,2400.0,8.0,600.0,0.31377244213334515,82.67803392717525,0.31377244213334515,0.1882634652800071,0.12550897685333806,True,False,False,True,python_mission_generator,csv_authoritative,validated_csv,explicit_input,calibrated_csv,python_generated_isa_plus_offset
610.0,high_power_42,HIGH_POWER,DESCENT,42,stage5_mission_generator,2470.471285251569,752.9996477446783,10.108466855201893,926.0001595811322,86.36708872065199,4716.4993517616085,46.34121397360958,93.82509428342603,13.185929072770868,0.8764294895055087,287.2934816775581,70.45722056494276,436.91889021113803,470.7769500757093,504.63500994028055,538.4930698048518,487.7059800079949,538.4930698048518,436.91889021113803,101.57417959371372,3.160056932591393,72.01801638298352,14.5,91.0,35.16499351761608,32.881492869377695,14.308794003252048,420.0,True,True,2400.0,8.0,610.0,0.3010693687290076,78.60832252936014,0.3010693687290076,0.18064162123740454,0.12042774749160304,True,False,False,True,python_mission_generator,csv_authoritative,validated_csv,explicit_input,calibrated_csv,python_generated_isa_plus_offset
620.0,high_power_42,HIGH_POWER,DESCENT,42,stage5_mission_generator,2171.4927930241474,661.8710033137602,10.700444269812188,936.22327848849,81.6550711686352,4445.6937453238625,38.53145816490976,82.76510775760445,11.274224732311984,0.8170412812588095,287.7545882728274,68.47514501377394,414.53449611808077,446.8486073726841,479.1627186272875,511.47682988189086,463.0056629999858,511.47682988189086,414.53449611808077,96.9423337638101,2.951160683775965,70.75375008769116,14.5,91.0,32.45693745323862,29.90263119856249,14.261004778586564,420.0,True,True,2400.0,8.0,620.0,0.28739554390431854,74.0948957553977,0.28739554390431854,0.17243732634259112,0.11495821756172742,True,False,False,True,python_mission_generator,csv_authoritative,validated_csv,explicit_input,calibrated_csv,python_generated_isa_plus_offset
630.0,high_power_42,HIGH_POWER,DESCENT,42,stage5_mission_generator,1860.026292066614,566.936013821904,11.317147941708104,946.9704077776896,76.7462377323465,4163.576881169339,32.97549831107629,75.63035880320689,9.831386805106469,0.7859982862646925,287.68548399065884,67.10995282506471,396.640952381561,427.8766527664783,459.1123531513956,490.3480535363129,443.49450295893695,490.3480535363129,396.640952381561,93.70710115475185,2.7562369709867185,69.82367690771893,14.276293615699716,87.64440423549574,29.63576881169339,26.799345692862726,14.211219449618119,380.8513827474503,True,True,2400.0,8.0,630.0,0.2736420069499681,69.39294801948898,0.2736420069499681,0.16418520416998086,0.10945680277998725,True,False,False,True,python_mission_generator,csv_authoritative,validated_csv,explicit_input,calibrated_csv,python_generated_isa_plus_offset
640.0,high_power_42,HIGH_POWER,DESCENT,42,stage5_mission_generator,1554.0856012947886,473.6852912746516,11.922910509436319,957.6239074479454,71.92449321804072,3886.465127473605,27.035615766361108,66.42825931974772,8.333493437509631,0.7561520243847877,287.48400822060665,65.67122136493678,377.9355342165308,408.0293784656983,438.12322271486573,468.2170669640332,423.076300590282,468.2170669640332,377.9355342165308,90.28153274750241,2.562181059353966,68.83773053559607,13.99455484465905,83.41832266988575,26.63758152968326,23.410511784630472,14.162317375436519,331.54709781533353,True,True,2400.0,8.0,640.0,0.2600405718346667,64.77441879122675,0.2600405718346667,0.15602434310080002,0.10401622873386669,True,False,False,True,python_mission_generator,csv_authoritative,validated_csv,explicit_input,calibrated_csv,python_generated_isa_plus_offset
650.0,high_power_42,HIGH_POWER,DESCENT,42,stage5_mission_generator,1271.1965287032976,387.4607019487651,12.48303087316747,967.5608583564848,67.46605118967264,3630.232826992681,22.337202326939938,58.757820799962346,7.2700696292532685,0.7145628385349194,287.25199909244736,64.43502297361647,362.3949526512073,391.53548883698005,420.67602502275275,449.8165612085255,406.1057569298664,449.8165612085255,362.3949526512073,87.42160855731822,2.3836725241702186,68.0451597515505,13.699125348661973,78.9868802299296,23.562793923912174,19.823259577897538,14.117099910645768,279.8469360158452,True,True,2400.0,8.0,650.0,0.2476151824198021,60.50388044987802,0.2476151824198021,0.14856910945188126,0.09904607296792084,True,False,False,True,python_mission_generator,csv_authoritative,validated_csv,explicit_input,calibrated_csv,python_generated_isa_plus_offset
660.0,high_power_42,HIGH_POWER,DESCENT,42,stage5_mission_generator,1026.799634203638,312.9685285052689,12.966936724276797,976.2127812431388,63.614260888767625,3408.8655683199786,19.233963405358594,53.880335669325554,6.6418239048000824,0.6775360328148482,287.57967899689754,63.56164956630675,351.3245874349935,379.8055984806192,408.2866095262449,436.7676205718706,394.04610400343205,436.7676205718706,351.3245874349935,85.44303313687715,2.6187458765286733,67.50381311726059,13.445386969215662,75.18080453823492,20.906386819839742,16.724117956479702,14.07803510029176,235.44271961274094,True,True,2400.0,8.0,660.0,0.2370625626516102,56.81442613866631,0.2370625626516102,0.1422375375909661,0.09482502506064408,True,False,False,True,python_mission_generator,csv_authoritative,validated_csv,explicit_input,calibrated_csv,python_generated_isa_plus_offset
670.0,high_power_42,HIGH_POWER,DESCENT,42,stage5_mission_generator,832.6529924622496,253.79263210249368,13.351347074924746,983.130345623634,60.55443415429247,3233.0134571432454,17.020965897984297,50.27453602849799,6.23179512991339,0.6490365522267747,288.08347604487784,62.92540776534072,343.19719645673706,371.20067885438976,399.2041612520424,427.2076436496951,385.2024200532161,427.2076436496951,343.19719645673706,84.01044719295805,2.5196120217891145,67.11160037355793,13.244805681854734,72.17208522782101,18.796161485718944,14.262188400005435,14.047002374789985,200.34099432457853,True,True,2400.0,8.0,670.0,0.22872769431391923,53.88355761905409,0.22872769431391923,0.13723661658835154,0.0914910777255677,True,False,False,True,python_mission_generator,csv_authoritative,validated_csv,explicit_input,calibrated_csv,python_generated_isa_plus_offset
680.0,high_power_42,HIGH_POWER,DESCENT,42,stage5_mission_generator,695.2349557385892,211.907614509122,13.623434787637594,988.0505823343836,58.388672342526306,3108.5443875015117,15.943949960643609,48.97903582491521,6.04598960750721,0.6333210774424366,288.42873350390266,62.60060590889394,338.5173083087782,366.2797373337492,394.0421663587202,421.8045953836912,380.1609518462347,421.8045953836912,338.5173083087782,83.28728707491302,2.453390957269572,66.90739342435779,13.103360895870765,70.05041343806147,17.30253265001814,12.519621425021164,14.025037244853209,175.58815677738403,True,True,2400.0,8.0,680.0,0.22292144028721445,51.80907312502519,0.22292144028721445,0.13375286417232865,0.08916857611488578,True,False,False,True,python_mission_generator,csv_authoritative,validated_csv,explicit_input,calibrated_csv,python_generated_isa_plus_offset
690.0,high_power_42,HIGH_POWER,DESCENT,42,stage5_mission_generator,614.1469167231985,187.1919802172309,13.783989104888066,990.9632714756788,57.110693246931355,3035.097313042032,15.307409312151107,48.16155015836264,5.936082835098255,0.6240432894671782,288.63246404012085,62.40871137929456,335.7535510968595,363.37355071774795,390.99355033863645,418.6135499595249,377.1835505281922,418.6135499595249,335.7535510968595,82.8599988626654,2.41430813076398,66.78674259977356,13.020101960041268,68.80152940061903,16.421167756504385,11.491362382588449,14.012075996419183,161.01784300722196,True,True,2400.0,8.0,690.0,0.21949507609872976,50.5849552173672,0.21949507609872976,0.13169704565923784,0.08779803043949191,True,False,False,True,python_mission_generator,csv_authoritative,validated_csv,explicit_input,calibrated_csv,python_generated_isa_plus_offset
700.0,high_power_42,HIGH_POWER,DESCENT,42,stage5_mission_generator,580.5160713757787,176.94129855533734,13.850578178675958,992.1733321634515,56.580658018023776,3004.6355182772286,15.043407366035053,47.81077695484926,5.890499568929762,0.6201953748258727,288.7169602277127,62.329124114312755,334.60729706851606,362.16822482973464,389.7291525909533,417.29008035217186,375.94868871034396,417.29008035217186,334.60729706851606,82.6827832836558,2.39809873034057,66.73670329346031,12.985615432344776,68.28423148517165,16.055626219326744,11.0648972558812,14.006700385578334,154.98270066033587,True,True,2400.0,8.0,700.0,0.21807400924933912,50.07725863795381,0.21807400924933912,0.13084440554960347,0.08722960369973565,True,False,False,True,python_mission_generator,csv_authoritative,validated_csv,explicit_input,calibrated_csv,python_generated_isa_plus_offset
710.0,high_power_42,HIGH_POWER,IDLE/LANDING,42,stage5_mission_generator,575.3983033817951,175.38140287077115,13.860711359304046,992.357577779393,56.5,3000.0,15.003893212670262,47.75887540838821,5.883769066069032,0.6196118010388246,288.7298184202441,62.317161513469244,334.4343255904794,361.98638450638117,389.538443422283,417.0905023381848,375.7624139643321,417.0905023381848,334.4343255904794,82.65617674770544,2.3956363522667523,66.72918761527023,12.980369747899159,68.2055462184874,16.0,11.0,14.005882352941176,154.06470588235294,True,True,2400.0,8.0,710.0,0.21785788442146103,50.0,0.21785788442146103,0.13071473065287662,0.08714315376858442,True,False,False,True,python_mission_generator,csv_authoritative,validated_csv,explicit_input,calibrated_csv,python_generated_isa_plus_offset
720.0,high_power_42,HIGH_POWER,IDLE/LANDING,42,stage5_mission_generator,575.3983033817951,175.38140287077115,13.860711359304046,992.357577779393,56.5,3000.0,15.003893212670262,47.75887540838821,5.883769066069032,0.6196118010388246,288.7298184202441,62.317161513469244,334.4343255904794,361.98638450638117,389.538443422283,417.0905023381848,375.7624139643321,417.0905023381848,334.4343255904794,82.65617674770544,2.3956363522667523,66.72918761527023,12.980369747899159,68.2055462184874,16.0,11.0,14.005882352941176,154.06470588235294,True,True,2400.0,8.0,720.0,0.21785788442146103,50.0,0.21785788442146103,0.13071473065287662,0.08714315376858442,True,False,False,True,python_mission_generator,csv_authoritative,validated_csv,explicit_input,calibrated_csv,python_generated_isa_plus_offset
730.0,high_power_42,HIGH_POWER,IDLE/LANDING,42,stage5_mission_generator,575.3983033817951,175.38140287077115,13.860711359304046,992.357577779393,56.5,3000.0,15.003893212670262,47.75887540838821,5.883769066069032,0.6196118010388246,288.7298184202441,62.317161513469244,334.4343255904794,361.98638450638117,389.538443422283,417.0905023381848,375.7624139643321,417.0905023381848,334.4343255904794,82.65617674770544,2.3956363522667523,66.72918761527023,12.980369747899159,68.2055462184874,16.0,11.0,14.005882352941176,154.06470588235294,True,True,2400.0,8.0,730.0,0.21785788442146103,50.0,0.21785788442146103,0.13071473065287662,0.08714315376858442,True,False,False,True,python_mission_generator,csv_authoritative,validated_csv,explicit_input,calibrated_csv,python_generated_isa_plus_offset
